{
 "weights": [
  [
   [
    0.3653954133668963,
    1.442799901931315,
    0.7791478754103799
   ],
   [
    0.7383132152163242,
    2.6385405893300775,
    2.2734572409462612
   ],
   [
    4.7235100497246885,
    5.405902840320127,
    0.8251913483648753
   ],
   [
    0.8668461991598608,
    1.2684756573903542,
    1.9331820543911724
   ],
   [
    5.062128386956402,
    5.393937975202967,
    2.7983458886182175
   ],
   [
    3.9526789582880024,
    0.33396056181378864,
    3.6489962084229655
   ]
  ],
  [
   [
    4.839621718687199,
    2.1491356785328217,
    0.953672163094263
   ],
   [
    4.592567560990988,
    1.98648957946023,
    1.5061497372401984
   ],
   [
    -0.5525007857214952,
    -0.04200615705633888,
    6.409591036521257
   ],
   [
    -0.05955882534257481,
    1.9818228669735374,
    1.1671122039890947
   ],
   [
    0.8146175881357577,
    2.6780401351671483,
    1.470030326639725
   ],
   [
    2.3023425893995304,
    3.8657638629170714,
    3.7664612263543464
   ]
  ],
  [
   [
    5.48318886812199,
    -0.6072753197902815,
    1.9024034966350405
   ],
   [
    2.7162445972071256,
    5.8703725311570745,
    0.7685148854307937
   ],
   [
    2.4558830471589363,
    2.5177481706966294,
    6.484684350930412
   ],
   [
    5.04014618522846,
    2.689829469823569,
    0.5510524343002962
   ],
   [
    4.16354014532687,
    3.6564020944313826,
    4.456785962604532
   ],
   [
    2.4004190296557075,
    -0.6745020996368551,
    4.105354834293383
   ]
  ],
  [
   [
    3.0633549940529163,
    7.101922962263472,
    1.46171462445263
   ],
   [
    2.3430313794619964,
    3.9300376879559358,
    1.7373526198572526
   ],
   [
    0.3647960747373306,
    5.051030980630435,
    1.5985655321065824
   ],
   [
    3.963500652982877,
    2.223491988663078,
    2.7745735970817478
   ],
   [
    3.8504125053884604,
    5.651227664903259,
    4.270794305411181
   ],
   [
    0.9075606339170671,
    3.5015729889712617,
    6.092909648689359
   ]
  ]
 ],
 "meta": {
  "version": 1,
  "algo": "qml-sel-6q4l",
  "n_qubits": 6,
  "n_layers": 4,
  "in_dim": 25,
  "feature_hash": "3f96b08df2b3",
  "n_samples": 6000,
  "trained_at": 1783831330,
  "train_seconds": 106.6,
  "wf_edge": -0.1275,
  "wf_edge_se": 0.0743,
  "wf_acc": 0.4812,
  "wf_base": 0.6088,
  "wf_folds": [
   {
    "fold": 0,
    "n_train": 811,
    "n_val": 857,
    "acc": 0.5729,
    "base": 0.5239,
    "edge": 0.049
   },
   {
    "fold": 1,
    "n_train": 1634,
    "n_val": 857,
    "acc": 0.5659,
    "base": 0.6371,
    "edge": -0.0712
   },
   {
    "fold": 2,
    "n_train": 2488,
    "n_val": 857,
    "acc": 0.5053,
    "base": 0.5169,
    "edge": -0.0117
   },
   {
    "fold": 3,
    "n_train": 3355,
    "n_val": 857,
    "acc": 0.5554,
    "base": 0.5543,
    "edge": 0.0012
   },
   {
    "fold": 4,
    "n_train": 4223,
    "n_val": 857,
    "acc": 0.3337,
    "base": 0.8016,
    "edge": -0.4679
   },
   {
    "fold": 5,
    "n_train": 5071,
    "n_val": 858,
    "acc": 0.3543,
    "base": 0.6189,
    "edge": -0.2646
   }
  ]
 }
}