{
 "weights": [
  [
   [
    0.3653954112081851,
    1.6799154037354225,
    0.7470363318274915
   ],
   [
    0.8530847376839057,
    2.16828415233314,
    3.2965903827158773
   ],
   [
    5.727345136232594,
    5.250565138757857,
    0.07921789953397769
   ],
   [
    0.2599381191286783,
    0.43442064859754925,
    2.748500889881413
   ],
   [
    6.67039619884402,
    4.794385644308355,
    2.93399209248735
   ],
   [
    3.1663267331954783,
    0.4537621888183923,
    4.860494885214486
   ]
  ],
  [
   [
    3.589988477501334,
    2.017764182379636,
    2.023519359804461
   ],
   [
    4.378518690328136,
    1.7249079986468518,
    2.18198891963282
   ],
   [
    0.22577572217833708,
    1.0333520287548819,
    6.2028684591346455
   ],
   [
    0.5967268832882707,
    1.3378922053321862,
    0.33040133788808346
   ],
   [
    1.5790414435118056,
    0.5804041903075216,
    2.083933746630686
   ],
   [
    2.05148179769729,
    4.767216390629658,
    3.728063747017571
   ]
  ],
  [
   [
    5.654975141121697,
    0.3188207324516018,
    2.8084414264585362
   ],
   [
    2.716244600939513,
    5.870372531290399,
    0.7685148904061435
   ],
   [
    2.9759966175231707,
    2.728345645754273,
    5.322195714979488
   ],
   [
    5.478083953344175,
    2.384114666924366,
    0.11769139213030118
   ],
   [
    4.163540144319181,
    3.6564020920936224,
    4.456785960395413
   ],
   [
    2.766246732043856,
    0.7481222121563518,
    3.9559302504574965
   ]
  ],
  [
   [
    2.6299939518826823,
    5.379033031908044,
    1.4617146251095179
   ],
   [
    2.343031381596301,
    3.9300376873718936,
    1.7373526169830389
   ],
   [
    0.21537149090145205,
    4.526981741482882,
    1.5985655364114002
   ],
   [
    3.9635006542056255,
    2.223491988283913,
    2.774573597572317
   ],
   [
    3.850412511220556,
    5.651227665639282,
    4.270794312786256
   ],
   [
    0.9075606156659447,
    3.5015729883253184,
    6.092909665222614
   ]
  ]
 ],
 "meta": {
  "version": 1,
  "algo": "qml-sel-6q4l",
  "n_qubits": 6,
  "n_layers": 4,
  "in_dim": 25,
  "feature_hash": "3f96b08df2b3",
  "n_samples": 6000,
  "trained_at": 1783482622,
  "train_seconds": 117.4,
  "wf_edge": -0.0519,
  "wf_edge_se": 0.0399,
  "wf_acc": 0.5219,
  "wf_base": 0.5738,
  "wf_folds": [
   {
    "fold": 0,
    "n_train": 784,
    "n_val": 857,
    "acc": 0.5834,
    "base": 0.5601,
    "edge": 0.0233
   },
   {
    "fold": 1,
    "n_train": 1622,
    "n_val": 857,
    "acc": 0.4807,
    "base": 0.5216,
    "edge": -0.0408
   },
   {
    "fold": 2,
    "n_train": 2483,
    "n_val": 857,
    "acc": 0.5951,
    "base": 0.6138,
    "edge": -0.0187
   },
   {
    "fold": 3,
    "n_train": 3311,
    "n_val": 857,
    "acc": 0.4492,
    "base": 0.5508,
    "edge": -0.1015
   },
   {
    "fold": 4,
    "n_train": 4227,
    "n_val": 857,
    "acc": 0.5776,
    "base": 0.5134,
    "edge": 0.0642
   },
   {
    "fold": 5,
    "n_train": 5055,
    "n_val": 858,
    "acc": 0.4452,
    "base": 0.683,
    "edge": -0.2378
   }
  ]
 }
}