{
 "weights": [
  [
   [
    0.36539541244916346,
    1.0554764722430106,
    0.5839770357659699
   ],
   [
    0.2368328168794486,
    2.5564964976399005,
    1.7446499111678702
   ],
   [
    5.676979366897242,
    6.116199500801243,
    1.2662984311884344
   ],
   [
    1.3792338120385994,
    1.4414274086882937,
    1.9714717570827045
   ],
   [
    4.742612149704087,
    6.6641738551935985,
    3.1368147367348773
   ],
   [
    3.743686572289036,
    0.866133075093236,
    4.187115041708433
   ]
  ],
  [
   [
    3.269897767696718,
    2.5510089653414854,
    -0.5621248006010598
   ],
   [
    5.191319565062792,
    0.8389415704981417,
    1.7644423985692959
   ],
   [
    -0.12148205568531255,
    1.0244683940656514,
    5.711950612683738
   ],
   [
    1.26919081650478,
    1.7613969706363435,
    -0.5782888014537559
   ],
   [
    1.944785627924786,
    0.8423913374605876,
    0.7872188420226002
   ],
   [
    2.287269068160789,
    2.6384859928870044,
    3.279884156408449
   ]
  ],
  [
   [
    5.834997713436649,
    -0.5898480530690045,
    1.8682093326931672
   ],
   [
    2.7162445944017684,
    5.870372528030687,
    0.7685148844108696
   ],
   [
    2.689506450777327,
    2.0252331178010192,
    6.418319726323743
   ],
   [
    5.298404648246381,
    1.8949659816177151,
    0.5319555382100003
   ],
   [
    4.163540143797514,
    3.6564020927072587,
    4.456785964431046
   ],
   [
    2.9050265615830693,
    0.45814048380766703,
    3.6586675790997143
   ]
  ],
  [
   [
    3.0442580979624396,
    5.5184278726470195,
    1.461714626871804
   ],
   [
    2.3430313804745277,
    3.9300376965144963,
    1.737352619171534
   ],
   [
    -0.08189118045633996,
    4.429425642083045,
    1.5985655355947639
   ],
   [
    3.9635006568449116,
    2.2234919890369227,
    2.774573595057315
   ],
   [
    3.85041250546577,
    5.651227659685392,
    4.270794304068975
   ],
   [
    0.9075606276104288,
    3.501572973830209,
    6.0929096536795315
   ]
  ]
 ],
 "meta": {
  "version": 1,
  "algo": "qml-sel-6q4l",
  "n_qubits": 6,
  "n_layers": 4,
  "in_dim": 25,
  "feature_hash": "3f96b08df2b3",
  "n_samples": 6000,
  "trained_at": 1784436202,
  "train_seconds": 178.2,
  "wf_edge": 0.0274,
  "wf_edge_se": 0.0341,
  "wf_acc": 0.5827,
  "wf_base": 0.5553,
  "wf_folds": [
   {
    "fold": 0,
    "n_train": 796,
    "n_val": 857,
    "acc": 0.5391,
    "base": 0.5554,
    "edge": -0.0163
   },
   {
    "fold": 1,
    "n_train": 1659,
    "n_val": 857,
    "acc": 0.5543,
    "base": 0.5228,
    "edge": 0.0315
   },
   {
    "fold": 2,
    "n_train": 2496,
    "n_val": 857,
    "acc": 0.6313,
    "base": 0.5228,
    "edge": 0.1085
   },
   {
    "fold": 3,
    "n_train": 3369,
    "n_val": 857,
    "acc": 0.4994,
    "base": 0.6313,
    "edge": -0.1319
   },
   {
    "fold": 4,
    "n_train": 4235,
    "n_val": 857,
    "acc": 0.6464,
    "base": 0.5834,
    "edge": 0.063
   },
   {
    "fold": 5,
    "n_train": 5079,
    "n_val": 858,
    "acc": 0.6259,
    "base": 0.5163,
    "edge": 0.1096
   }
  ]
 }
}